subject, block_type, block, thought probe, trial, chosen, unchosen, offer_right_image, offer_left_image, exp_value_right, exp_value_left, choice_location, choice_key, exp_value1, exp_value2, exp_value3, exp_value4, RT, reward, vas, RT_vas, coins_per_block, coins_per_task, ntrial_to_prob, count_to_prob,ITI_duration,RT_deadline,choice_feedback_duration,outcome_duration
0, test, 1, no_probe, 1, 1, 4, 1, 4, 0.35, 0.65, left, 1, 0.35, 0.45, 0.55, 0.65, 1.3633406999870203, 0, -9999.000000, -9999.000000, 0.000000, 0.000000, 1.000000,2.000000,1.000000,6.000000,0.500000,1.000000
0, test, 1, probe, 2, 3, 2, 2, 3, 0.55, 0.45, right, 2, 0.35, 0.45, 0.55, 0.65, 0.9825910000363365, 0, 70.104187, 2.149948, 0.000000, 0.000000, 2.000000,2.000000,1.000000,6.000000,0.500000,1.000000
0, test, 1, no_probe, 3, 4, 3, 4, 3, 0.65, 0.55, left, 1, 0.35, 0.45, 0.55, 0.65, 0.6197769999853335, 0, -9999.000000, -9999.000000, 0.000000, 0.000000, 1.000000,3.000000,1.000000,6.000000,0.500000,1.000000
0, test, 2, no_probe, 1, 1, 3, 3, 1, 0.35, 0.55, right, 2, 0.35, 0.45, 0.55, 0.65, 0.257629600004293, 0, -9999.000000, -9999.000000, 0.000000, 0.000000, 1.000000,2.000000,1.000000,6.000000,0.500000,1.000000
0, test, 2, abort, 2
