subject, block_type, block, thought probe, trial, chosen, unchosen, offer_right_image, offer_left_image, exp_value_right, exp_value_left, choice_location, choice_key, exp_value1, exp_value2, exp_value3, exp_value4, RT, reward, vas, coins_per_block, coins_per_task, ntrial_to_prob, count_to_prob, RT_vas
0, test, 1, no_probe, 1, 1, 4, 1, 4, 0.35, 0.65, left, 1, 0.35, 0.45, 0.55, 0.65, 0.32128779985941947, 0, -9999.000000, 0.000000, 0.000000, 1.000000, 2.000000,0.000000
0, test, 1, probe, 2, 2, 3, 2, 3, 0.45, 0.55, left, 1, 0.35, 0.45, 0.55, 0.65, 0.23260550014674664, 0, 50.000000, 0.000000, 0.000000, 2.000000, 2.000000,100.000000
0, test, 1, no_probe, 3, 3, 2, 3, 2, 0.55, 0.45, left, 1, 0.35, 0.45, 0.55, 0.65, 0.2505377000197768, 1, -9999.000000, 1.000000, 1.000000, 1.000000, 2.000000,0.000000
0, test, 1, probe, 4, 1, 3, 1, 3, 0.35, 0.55, left, 1, 0.35, 0.45, 0.55, 0.65, 0.20625479985028505, 1, 50.000000, 2.000000, 2.000000, 2.000000, 2.000000,100.000000
