subject, block_type, block, thought probe, trial, chosen, unchosen, offer_right_image, offer_left_image, exp_value_right, exp_value_left, choice_location, choice_key, exp_value1, exp_value2, exp_value3, exp_value4, RT, reward, vas, coins_per_block, coins_per_task, ntrial_to_prob, count_to_prob
0, test, 1, no_probe, 1, 3, 4, 3, 4, 0.55, 0.65, left, 1, 0.35, 0.45, 0.55, 0.65, 0.30813700007274747, 0, -9999.000000, 0.000000, 0.000000, 1.000000, 2.000000
0, test, 1, probe, 2, 2, 3, 3, 2, 0.45, 0.55, right, 2, 0.35, 0.45, 0.55, 0.65, 0.2255658998619765, 0, 50.000000, 0.000000, 0.000000, 2.000000, 2.000000
0, test, 1, no_probe, 3, 4, 2, 4, 2, 0.65, 0.45, left, 1, 0.35, 0.45, 0.55, 0.65, 0.20399569999426603, 1, -9999.000000, 1.000000, 1.000000, 1.000000, 3.000000
0, test, 1, no_probe, 4, 2, 3, 3, 2, 0.45, 0.55, right, 2, 0.35, 0.45, 0.55, 0.65, 0.1847256999462843, 0, -9999.000000, 1.000000, 1.000000, 2.000000, 3.000000
0, test, 1, probe, 5, 3, 4, 3, 4, 0.55, 0.65, left, 1, 0.35, 0.45, 0.55, 0.65, 0.5031789999920875, 1, 50.000000, 2.000000, 2.000000, 3.000000, 3.000000
0, test, 1, no_probe, 6, 2, 3, 3, 2, 0.45, 0.55, right, 2, 0.35, 0.45, 0.55, 0.65, 0.2556443000212312, 0, -9999.000000, 2.000000, 2.000000, 1.000000, 3.000000
