subject, block_type, block, thought probe, trial, chosen, unchosen, offer_right_image, offer_left_image, exp_value_right, exp_value_left, choice_location, choice_key, exp_value1, exp_value2, exp_value3, exp_value4, RT, reward, vas, coins_per_block, coins_per_task, ntrial_to_prob, count_to_prob, RT_vas
0, test, 1, no_probe, 1, 3, 1, 3, 1, 0.55, 0.35, left, 1, 0.35, 0.45, 0.55, 0.65, 0.9982217000797391, 1, -9999.000000, 1.000000, 1.000000, 1.000000, 2.000000,-9999.000000
0, test, 1, probe, 2, 1, 2, 1, 2, 0.35, 0.45, left, 1, 0.35, 0.45, 0.55, 0.65, 0.3683470000978559, 1, 12.739655, 2.000000, 2.000000, 2.000000, 2.000000,5.816594
0, test, 1, no_probe, 3, 3, 2, 2, 3, 0.55, 0.45, right, 2, 0.35, 0.45, 0.55, 0.65, 0.40833609993569553, 0, -9999.000000, 2.000000, 2.000000, 1.000000, 2.000000,-9999.000000
0, test, 1, probe, 4, 1, 2, 1, 2, 0.35, 0.45, left, 1, 0.35, 0.45, 0.55, 0.65, 0.26965339994058013, 1, 19.674255, 3.000000, 3.000000, 2.000000, 2.000000,3.783299
