subject, block_type, block, thought probe, trial, chosen, unchosen, offer_right_image, offer_left_image, exp_value_right, exp_value_left, choice_location, choice_key, exp_value1, exp_value2, exp_value3, exp_value4, RT, reward, vas, RT_vas, coins_per_block, coins_per_task, ntrial_to_prob, count_to_prob
0, test, 1, no_probe, 1, 1, 2, 1, 2, 0.35, 0.45, left, 1, 0.35, 0.45, 0.55, 0.65, 0.20681920018978417, 0, -9999.000000, -9999.000000, 0.000000, 0.000000, 1.000000,2.000000
0, test, 1, probe, 2, 2, 3, 3, 2, 0.45, 0.55, right, 2, 0.35, 0.45, 0.55, 0.65, 0.17859299993142486, 1, 22.482819, 1.349962, 1.000000, 1.000000, 2.000000,2.000000
0, test, 1, no_probe, 3, 3, 4, 4, 3, 0.55, 0.65, right, 2, 0.35, 0.45, 0.55, 0.65, 0.24626690009608865, 1, -9999.000000, -9999.000000, 2.000000, 2.000000, 1.000000,2.000000
0, test, 1, probe, 4, 1, 2, 1, 2, 0.35, 0.45, left, 1, 0.35, 0.45, 0.55, 0.65, 0.20893470011651516, 0, 68.585358, 1.066653, 2.000000, 2.000000, 2.000000,2.000000
0, test, 1, no_probe, 5, 3, 2, 3, 2, 0.55, 0.45, left, 1, 0.35, 0.45, 0.55, 0.65, 0.21830069995485246, 1, -9999.000000, -9999.000000, 3.000000, 3.000000, 1.000000,3.000000
0, test, 1, no_probe, 6, 1, 2, 1, 2, 0.35, 0.45, left, 1, 0.35, 0.45, 0.55, 0.65, 0.731908299960196, 1, -9999.000000, -9999.000000, 4.000000, 4.000000, 2.000000,3.000000
0, test, 0, [], 7, NULL,0, test, 1, probe, 7, 1, 2, 4, 2, 0.35, 0.45, None, 1, 0.35, 0.45, 0.55, 0.65, 0.731908299960196, 0, 49.997559, 1.333302, 4.000000, 4.000000, 3.000000,3.000000
0, test, 0, [], 8, NULL,0, test, 1, no_probe, 8, 1, 2, 1, 4, 0.35, 0.45, None, 1, 0.35, 0.45, 0.55, 0.65, 0.731908299960196, 1, -9999.000000, -9999.000000, 5.000000, 5.000000, 1.000000,3.000000
0, test, 0, [], 9, NULL,0, test, 1, no_probe, 9, 1, 2, 2, 4, 0.35, 0.45, None, 1, 0.35, 0.45, 0.55, 0.65, 0.731908299960196, 1, -9999.000000, -9999.000000, 6.000000, 6.000000, 2.000000,3.000000
